origin,destination,year(firstseen),month(firstseen),count
EHRD,EGLC,2022,6,58
EHRD,LFIB,2022,6,1
EHRD,LEBL,2022,6,29
EHRD,EKCH,2022,6,1
EHRD,LEAM,2022,6,1
EHRD,LFMT,2022,6,2
EHRD,LPAR,2022,6,3
EHRD,LGKO,2022,6,17
EHRD,LFCM,2022,6,3
EHRD,LFTH,2022,6,4
EHRD,LEGE,2022,6,1
EHRD,EGPH,2022,6,11
EHRD,LE84,2022,6,1
EHRD,LDPL,2022,6,13
EHRD,LEMG,2022,6,34
EHRD,LDDU,2022,6,11
EHRD,LEIB,2022,6,54
EHRD,LPPT,2022,6,14
EHRD,LKKB,2022,6,1
EHRD,LFTZ,2022,6,1
EHRD,EHAM,2022,6,4
EHRD,LIRZ,2022,6,10
EHRD,LGRP,2022,6,8
EHRD,LIRF,2022,6,16
EHRD,LIME,2022,6,5
EHRD,LEPA,2022,6,18
EHRD,LICP,2022,6,1
EHRD,LFBX,2022,6,2
EHRD,EGFF,2022,6,1
EHRD,EHEH,2022,6,4
EHRD,LIBR,2022,6,2
EHRD,LFNG,2022,6,1
EHRD,LICJ,2022,6,3
EHRD,LPFR,2022,6,40
EHRD,ESSA,2022,6,1
EHRD,EGPD,2022,6,1
EHRD,LEAL,2022,6,39
EHRD,EPWA,2022,6,2
EHRD,LFNL,2022,6,2
EHRD,LOWS,2022,7,1
EHRD,EHAM,2022,7,5
EHRD,LGKO,2022,7,16
EHRD,LDPL,2022,7,15
EHRD,LFTH,2022,7,6
EHRD,LEMG,2022,7,22
EHRD,LEGE,2022,7,1
EHRD,LFBX,2022,7,1
EHRD,EKCH,2022,7,2
EHRD,LICJ,2022,7,2
EHRD,EGLC,2022,7,52
EHRD,EGPH,2022,7,11
EHRD,LELL,2022,7,1
EHRD,LDPM,2022,7,6
EHRD,LFTF,2022,7,2
EHRD,EGCC,2022,7,1
EHRD,LICP,2022,7,1
EHRD,LFCM,2022,7,1
EHRD,EGGP,2022,7,1
EHRD,LFNG,2022,7,7
EHRD,LATI,2022,7,1
EHRD,LFNL,2022,7,2
EHRD,LEIB,2022,7,29
EHRD,LZIB,2022,7,1
EHRD,LDDU,2022,7,11
EHRD,LPPT,2022,7,13
EHRD,LFMT,2022,7,3
EHRD,LD57,2022,7,2
EHRD,LEAM,2022,7,1
EHRD,LEAL,2022,7,45
EHRD,LPFR,2022,7,52
EHRD,LIBR,2022,7,7
EHRD,LEBL,2022,7,30
EHRD,LIRZ,2022,7,9
EHRD,LFML,2022,7,1
EHRD,LIML,2022,7,1
EHRD,LEPA,2022,7,30
EHRD,LIME,2022,7,4
EHRD,LFIB,2022,7,1
EHRD,LGRP,2022,7,9
EHRD,LPAR,2022,7,6
EHRD,EVRA,2022,7,1
EHRD,LICA,2019,8,7
EHRD,LGKO,2019,8,11
EHRD,LD57,2019,8,1
EHRD,LFMN,2019,8,1
EHRD,LFCA,2019,8,1
EHRD,EGLF,2019,8,1
EHRD,EDWQ,2019,8,1
EHRD,LFTH,2019,8,1
EHRD,LIBR,2019,8,7
EHRD,EHAM,2019,8,2
EHRD,LGRP,2019,8,12
EHRD,LFNO,2019,8,1
EHRD,EDDT,2019,8,1
EHRD,LDSR,2019,8,11
EHRD,LIRF,2019,8,9
EHRD,LDPM,2019,8,4
EHRD,LFME,2019,8,2
EHRD,LEAP,2019,8,2
EHRD,LFNL,2019,8,6
EHRD,LICJ,2019,8,2
EHRD,LOWW,2019,8,7
EHRD,LFIB,2019,8,4
EHRD,LFBX,2019,8,12
EHRD,LFMS,2019,8,1
EHRD,LEGE,2019,8,2
EHRD,LEIB,2019,8,1
EHRD,LICP,2019,8,2
EHRD,LPPT,2019,8,17
EHRD,LDPL,2019,8,7
EHRD,EHGG,2019,8,6
EHRD,LIRP,2019,8,1
EHRD,LPFR,2019,8,48
EHRD,EFRO,2019,8,2
EHRD,LGIR,2019,8,16
EHRD,LFDF,2019,8,3
EHRD,LELL,2019,8,10
EHRD,LDPV,2019,8,9
EHRD,EPKT,2019,8,1
EHRD,LEBL,2019,8,17
EHRD,LEAL,2019,8,35
EHRD,LEMG,2019,8,17
EHRD,LDRI,2019,8,2
EHRD,LPAR,2019,8,1
EHRD,EGLC,2019,8,47
EHRD,LFBE,2019,8,1
EHRD,EDDM,2019,8,1
EHRD,LILQ,2019,8,1
EHRD,LPPT,2021,12,5
EHRD,EHAM,2021,12,1
EHRD,LFIK,2021,12,1
EHRD,LEMG,2021,12,29
EHRD,LFBX,2021,12,1
EHRD,LSGG,2021,12,1
EHRD,LOWI,2021,12,14
EHRD,LOWS,2021,12,12
EHRD,LPAR,2021,12,2
EHRD,LFLS,2021,12,1
EHRD,LPFR,2021,12,19
EHRD,LIRF,2021,12,7
EHRD,LEBL,2021,12,18
EHRD,LEZL,2021,12,1
EHRD,LFPO,2021,12,3
EHRD,LEAL,2021,12,29
EHRD,EDDM,2021,12,1
EHRD,LFIB,2021,12,1
EHRD,LHBP,2021,12,1
EHRD,LDPM,2022,4,4
EHRD,EHAM,2022,4,8
EHRD,EGLC,2022,4,54
EHRD,LICJ,2022,4,1
EHRD,LEIB,2022,4,27
EHRD,LOWS,2022,4,5
EHRD,LOIR,2022,4,1
EHRD,LIME,2022,4,9
EHRD,LIRF,2022,4,17
EHRD,EGPH,2022,4,14
EHRD,LIRZ,2022,4,3
EHRD,EHGG,2022,4,1
EHRD,LFCM,2022,4,1
EHRD,LGRP,2022,4,2
EHRD,LEMG,2022,4,27
EHRD,EPWA,2022,4,1
EHRD,LFKH,2022,4,1
EHRD,LGSA,2022,4,1
EHRD,LEGE,2022,4,2
EHRD,LFLS,2022,4,1
EHRD,LIBR,2022,4,2
EHRD,ENGM,2022,4,1
EHRD,LPPT,2022,4,12
EHRD,LEPA,2022,4,13
EHRD,LKPR,2022,4,3
EHRD,LEBL,2022,4,30
EHRD,LICP,2022,4,2
EHRD,EBBR,2022,4,3
EHRD,LFLL,2022,4,1
EHRD,LGKO,2022,4,6
EHRD,LEAL,2022,4,46
EHRD,LPAR,2022,4,8
EHRD,LDDU,2022,4,5
EHRD,LIMC,2022,4,1
EHRD,LPFR,2022,4,36
EHRD,EDDP,2022,4,4
EHRD,LOWI,2022,4,7
EHRD,LFBX,2022,4,1
EHRD,LJLJ,2022,4,1
EHRD,LFBE,2022,4,1
EHRD,LFME,2022,4,1
EHRD,LDRI,2019,4,2
EHRD,LICP,2019,4,1
EHRD,LEMG,2019,4,31
EHRD,LIRP,2019,4,9
EHRD,LDSP,2019,4,4
EHRD,LSZH,2019,4,1
EHRD,LICJ,2019,4,4
EHRD,LEAL,2019,4,41
EHRD,EGLC,2019,4,58
EHRD,LFDF,2019,4,3
EHRD,LFNL,2019,4,1
EHRD,EGSS,2019,4,1
EHRD,LDPL,2019,4,1
EHRD,LD57,2019,4,1
EHRD,LOWS,2019,4,8
EHRD,LOIR,2019,4,8
EHRD,LFMV,2019,4,1
EHRD,LFIK,2019,4,1
EHRD,LFTW,2019,4,2
EHRD,LDSR,2019,4,5
EHRD,LRBS,2019,4,1
EHRD,LGIR,2019,4,7
EHRD,LGKO,2019,4,7
EHRD,LPFR,2019,4,43
EHRD,LDPV,2019,4,4
EHRD,LEAP,2019,4,2
EHRD,EHGG,2019,4,5
EHRD,LEBL,2019,4,30
EHRD,LPAR,2019,4,12
EHRD,ETSI,2019,4,1
EHRD,LFBE,2019,4,1
EHRD,LIBR,2019,4,8
EHRD,LPPT,2019,4,9
EHRD,LOWI,2019,4,8
EHRD,LGRP,2019,4,2
EHRD,EHAM,2019,4,4
EHRD,LOWW,2019,4,17
EHRD,EBOS,2019,4,1
EHRD,LIRF,2019,4,18
EHRD,LICA,2019,4,1
EHRD,EDDV,2019,4,1
EHRD,EDDM,2019,4,2
EHRD,LILQ,2019,4,2
EHRD,LEGE,2019,4,2
EHRD,EHGG,2019,6,5
EHRD,LOWW,2019,6,14
EHRD,LFBX,2019,6,4
EHRD,LDSB,2019,6,1
EHRD,LFNU,2019,6,1
EHRD,LILQ,2019,6,5
EHRD,LGKO,2019,6,8
EHRD,LFTW,2019,6,1
EHRD,LFNL,2019,6,4
EHRD,LDSR,2019,6,8
EHRD,LDSH,2019,6,1
EHRD,LIRU,2019,6,1
EHRD,LEGE,2019,6,1
EHRD,LIRF,2019,6,13
EHRD,EBMB,2019,6,1
EHRD,LDPV,2019,6,7
EHRD,LESB,2019,6,1
EHRD,LPPT,2019,6,13
EHRD,LGRP,2019,6,9
EHRD,LEBL,2019,6,28
EHRD,LFCM,2019,6,2
EHRD,LICJ,2019,6,6
EHRD,EGLC,2019,6,63
EHRD,LDPL,2019,6,7
EHRD,EHAM,2019,6,8
EHRD,LDRI,2019,6,2
EHRD,BIKF,2019,6,1
EHRD,LEAL,2019,6,37
EHRD,LPAR,2019,6,5
EHRD,LGIR,2019,6,9
EHRD,LEMG,2019,6,17
EHRD,LICA,2019,6,6
EHRD,LIBR,2019,6,8
EHRD,LEAP,2019,6,9
EHRD,LIRP,2019,6,8
EHRD,LFDF,2019,6,1
EHRD,LFMT,2019,6,2
EHRD,LFTH,2019,6,1
EHRD,LPFR,2019,6,46
EHRD,LICJ,2020,10,6
EHRD,LEAL,2020,10,12
EHRD,LKPR,2020,10,1
EHRD,LICP,2020,10,2
EHRD,LPFR,2020,10,53
EHRD,LDZA,2020,10,1
EHRD,LEMG,2020,10,13
EHRD,LIRZ,2020,10,7
EHRD,LIBR,2020,10,7
EHRD,LFBX,2020,10,1
EHRD,LFIB,2020,10,7
EHRD,LOWW,2020,10,1
EHRD,EHWO,2020,4,1
EHRD,EHEH,2022,10,2
EHRD,LEBL,2022,10,32
EHRD,LGKO,2022,10,16
EHRD,LEAM,2022,10,2
EHRD,LEPA,2022,10,17
EHRD,LD57,2022,10,1
EHRD,LPPT,2022,10,14
EHRD,LIBD,2022,10,1
EHRD,LOWI,2022,10,1
EHRD,LIRP,2022,10,1
EHRD,LICJ,2022,10,6
EHRD,LDPM,2022,10,2
EHRD,LEAL,2022,10,51
EHRD,LGRP,2022,10,11
EHRD,EHAM,2022,10,7
EHRD,LGTS,2022,10,6
EHRD,EGPH,2022,10,18
EHRD,LFKB,2022,10,3
EHRD,LPPR,2022,10,1
EHRD,LPAR,2022,10,9
EHRD,LOWG,2022,10,2
EHRD,LDPL,2022,10,8
EHRD,LICP,2022,10,2
EHRD,EDDV,2022,10,1
EHRD,LEMD,2022,10,1
EHRD,LFBD,2022,10,2
EHRD,LFBE,2022,10,1
EHRD,LEMG,2022,10,47
EHRD,LIME,2022,10,13
EHRD,LOWW,2022,10,1
EHRD,LEIB,2022,10,23
EHRD,LFBX,2022,10,2
EHRD,LFMN,2022,10,6
EHRD,LIRF,2022,10,18
EHRD,EGLC,2022,10,55
EHRD,EDDE,2022,10,1
EHRD,LDDU,2022,10,4
EHRD,ENZV,2022,10,1
EHRD,LEGE,2022,10,2
EHRD,LIRZ,2022,10,8
EHRD,EKCH,2022,10,1
EHRD,LPFR,2022,10,49
EHRD,LGTP,2022,10,1
EHRD,LPFR,2021,6,22
EHRD,EGSS,2021,6,1
EHRD,LEAL,2021,6,33
EHRD,LIRZ,2021,6,9
EHRD,LEPA,2021,6,11
EHRD,EKCH,2021,6,1
EHRD,LEAM,2021,6,1
EHRD,LEBL,2021,6,2
EHRD,EDDM,2021,6,1
EHRD,LIBR,2021,6,7
EHRD,LEAP,2021,6,1
EHRD,LEIB,2021,6,20
EHRD,LEGE,2021,6,4
EHRD,LDSR,2021,6,5
EHRD,LEMG,2021,6,34
EHRD,LHBP,2021,6,1
EHRD,LZIB,2021,6,1
EHRD,LGKO,2022,9,16
EHRD,LFIB,2022,9,1
EHRD,LFTZ,2022,9,1
EHRD,LDDU,2022,9,8
EHRD,LEGE,2022,9,1
EHRD,LFNG,2022,9,4
EHRD,LIRF,2022,9,18
EHRD,LDPL,2022,9,7
EHRD,LFMN,2022,9,1
EHRD,EBBR,2022,9,1
EHRD,LPFR,2022,9,40
EHRD,EBZU,2022,9,1
EHRD,EHAM,2022,9,6
EHRD,LEMG,2022,9,33
EHRD,LDPM,2022,9,8
EHRD,LZIB,2022,9,1
EHRD,LFMF,2022,9,1
EHRD,LGKY,2022,9,1
EHRD,LDRI,2022,9,1
EHRD,LEBL,2022,9,30
EHRD,LGRP,2022,9,11
EHRD,LEAL,2022,9,37
EHRD,EGPH,2022,9,15
EHRD,LICJ,2022,9,5
EHRD,EBMB,2022,9,1
EHRD,LPPT,2022,9,12
EHRD,LPAR,2022,9,4
EHRD,LIBR,2022,9,2
EHRD,LFBD,2022,9,1
EHRD,LICP,2022,9,3
EHRD,LFCM,2022,9,1
EHRD,EGLC,2022,9,60
EHRD,LFNL,2022,9,1
EHRD,LEPA,2022,9,19
EHRD,LIRZ,2022,9,8
EHRD,LEIB,2022,9,37
EHRD,LIME,2022,9,2
EHRD,LEMH,2022,9,1
EHRD,LOWS,2022,9,1
EHRD,LFKB,2022,9,1
EHRD,LFMT,2022,9,1
EHRD,LEMU,2020,3,10
EHRD,EGLC,2020,3,54
EHRD,EGPH,2020,3,5
EHRD,LSGG,2020,3,6
EHRD,LEMG,2020,3,24
EHRD,LIRF,2020,3,4
EHRD,LFLS,2020,3,1
EHRD,LPPT,2020,3,6
EHRD,LEVC,2020,3,7
EHRD,EDDM,2020,3,2
EHRD,LEAL,2020,3,12
EHRD,LFBO,2020,3,1
EHRD,LOWI,2020,3,8
EHRD,LOIR,2020,3,8
EHRD,LFIB,2020,3,4
EHRD,LOWW,2020,3,10
EHRD,LFOK,2020,3,1
EHRD,LPFR,2020,3,20
EHRD,LFLB,2020,3,1
EHRD,LKKL,2020,3,1
EHRD,LEBL,2020,3,14
EHRD,LIMC,2020,3,1
EHRD,LFDF,2020,3,1
EHRD,LOWS,2020,3,32
EHRD,LEAP,2020,9,3
EHRD,LD57,2020,9,3
EHRD,EHEH,2020,9,1
EHRD,LFMT,2020,9,2
EHRD,LICP,2020,9,2
EHRD,LDSR,2020,9,2
EHRD,LFNL,2020,9,1
EHRD,LEPA,2020,9,2
EHRD,LFTH,2020,9,4
EHRD,LGKO,2020,9,6
EHRD,LFBX,2020,9,4
EHRD,LPFR,2020,9,38
EHRD,LIBR,2020,9,8
EHRD,LFIB,2020,9,8
EHRD,EKYT,2020,9,1
EHRD,LICJ,2020,9,7
EHRD,LDPM,2020,9,3
EHRD,LFBE,2020,9,1
EHRD,LEGE,2020,9,6
EHRD,LFNG,2020,9,2
EHRD,LFCM,2020,9,1
EHRD,LEMG,2020,9,25
EHRD,LFMQ,2020,9,1
EHRD,LEIB,2020,9,2
EHRD,LFTZ,2020,9,1
EHRD,LIRZ,2020,9,9
EHRD,LEAL,2020,9,26
EHRD,LGAV,2020,9,1
EHRD,LDPL,2020,9,3
EHRD,LIRF,2022,5,18
EHRD,EGPH,2022,5,16
EHRD,LGSA,2022,5,1
EHRD,EBZU,2022,5,1
EHRD,EBBR,2022,5,3
EHRD,LFBX,2022,5,4
EHRD,LEPA,2022,5,21
EHRD,LEBL,2022,5,31
EHRD,LDDU,2022,5,12
EHRD,LIBR,2022,5,3
EHRD,LAGJ,2022,5,1
EHRD,LPOT,2022,5,1
EHRD,EDDB,2022,5,1
EHRD,LGKO,2022,5,20
EHRD,LDPM,2022,5,6
EHRD,LFNG,2022,5,1
EHRD,LFNL,2022,5,4
EHRD,LFML,2022,5,2
EHRD,LGSO,2022,5,1
EHRD,LICJ,2022,5,5
EHRD,LIRZ,2022,5,7
EHRD,LATI,2022,5,9
EHRD,LFMT,2022,5,1
EHRD,EINN,2022,5,1
EHRD,EPKT,2022,5,1
EHRD,LEAP,2022,5,1
EHRD,LKPR,2022,5,1
EHRD,LFCM,2022,5,3
EHRD,LE84,2022,5,1
EHRD,LIAF,2022,5,1
EHRD,LEGE,2022,5,4
EHRD,LFTH,2022,5,3
EHRD,LEIB,2022,5,58
EHRD,LIME,2022,5,11
EHRD,LPPT,2022,5,13
EHRD,ETSI,2022,5,3
EHRD,EGSS,2022,5,1
EHRD,LPFR,2022,5,45
EHRD,LPAR,2022,5,3
EHRD,EHAM,2022,5,2
EHRD,LEMG,2022,5,30
EHRD,EKCH,2022,5,1
EHRD,LD57,2022,5,1
EHRD,LDPL,2022,5,8
EHRD,LIMC,2022,5,1
EHRD,EDJA,2022,5,3
EHRD,LGRP,2022,5,10
EHRD,EGLC,2022,5,76
EHRD,EGJB,2022,5,1
EHRD,LEAL,2022,5,44
EHRD,LFTZ,2022,5,1
EHRD,LEAL,2019,10,9
EHRD,LIBD,2019,10,1
EHRD,LIRP,2019,10,6
EHRD,LGKO,2019,10,7
EHRD,EPKK,2019,10,1
EHRD,EDTB,2019,10,1
EHRD,ESSA,2019,10,1
EHRD,LELL,2019,10,6
EHRD,LEIB,2019,10,6
EHRD,LPPT,2019,10,12
EHRD,LEMG,2019,10,31
EHRD,LIBR,2019,10,7
EHRD,LIEA,2019,10,1
EHRD,LKPR,2019,10,1
EHRD,LFPG,2019,10,1
EHRD,LFDF,2019,10,2
EHRD,LDPM,2019,10,1
EHRD,LEGE,2019,10,1
EHRD,LEMU,2019,10,1
EHRD,EGLC,2019,10,89
EHRD,LFTW,2019,10,1
EHRD,LFBX,2019,10,1
EHRD,LICJ,2019,10,7
EHRD,LIRF,2019,10,17
EHRD,LD57,2019,10,2
EHRD,LKVO,2019,10,1
EHRD,LDSR,2019,10,5
EHRD,LPFR,2019,10,58
EHRD,LFBE,2019,10,3
EHRD,EDDF,2019,10,1
EHRD,EHGG,2019,10,8
EHRD,LOWW,2019,10,15
EHRD,LGIR,2019,10,7
EHRD,LDPL,2019,10,9
EHRD,EGCC,2019,10,2
EHRD,LFIB,2019,10,1
EHRD,LILQ,2019,10,1
EHRD,LDSP,2019,10,2
EHRD,LEBL,2019,10,22
EHRD,EHAM,2019,10,5
EHRD,EDDT,2019,10,1
EHRD,LICP,2019,10,1
EHRD,LEPA,2019,10,16
EHRD,LPAR,2019,10,9
EHRD,LEGE,2021,7,9
EHRD,LEAM,2021,7,2
EHRD,LFBX,2021,7,3
EHRD,LFTH,2021,7,7
EHRD,LEBL,2021,7,22
EHRD,LDSR,2021,7,6
EHRD,LEPA,2021,7,19
EHRD,LPFR,2021,7,39
EHRD,EHAM,2021,7,2
EHRD,LEMG,2021,7,39
EHRD,LEAP,2021,7,14
EHRD,LIBR,2021,7,7
EHRD,LFNL,2021,7,1
EHRD,LDZD,2021,7,1
EHRD,LPPT,2021,7,9
EHRD,LFCM,2021,7,1
EHRD,LFMT,2021,7,4
EHRD,LIRZ,2021,7,9
EHRD,LEAL,2021,7,42
EHRD,LFMQ,2021,7,1
EHRD,LGKO,2021,7,8
EHRD,LEIB,2021,7,30
EHRD,LDPL,2021,7,6
EHRD,LGRP,2021,7,3
EHRD,LDPM,2021,7,5
EHRD,LICJ,2021,7,2
EHRD,LFNG,2021,7,1
EHRD,EDDK,2020,6,1
EHRD,LDSR,2020,6,2
EHRD,LEIB,2020,6,1
EHRD,LEMG,2020,6,6
EHRD,EDDT,2020,6,1
EHRD,LPFR,2020,6,8
EHRD,LEAL,2020,6,3
EHRD,LRCK,2020,6,1
EHRD,LFTW,2019,7,2
EHRD,LDSB,2019,7,1
EHRD,LGIR,2019,7,14
EHRD,LPPT,2019,7,12
EHRD,LIRP,2019,7,5
EHRD,LFBX,2019,7,3
EHRD,LGKO,2019,7,12
EHRD,LICJ,2019,7,4
EHRD,EFHK,2019,7,1
EHRD,EGHP,2019,7,1
EHRD,LFMS,2019,7,1
EHRD,EHAM,2019,7,6
EHRD,LEBL,2019,7,31
EHRD,LIRF,2019,7,8
EHRD,EGMC,2019,7,1
EHRD,LGRP,2019,7,11
EHRD,LEAL,2019,7,42
EHRD,LOWW,2019,7,9
EHRD,LFDF,2019,7,2
EHRD,LFMT,2019,7,4
EHRD,LFTH,2019,7,3
EHRD,LIBR,2019,7,7
EHRD,LPFR,2019,7,47
EHRD,LFMN,2019,7,1
EHRD,LDSR,2019,7,13
EHRD,LPAR,2019,7,5
EHRD,LFNL,2019,7,5
EHRD,LDSP,2019,7,1
EHRD,EHEH,2019,7,1
EHRD,LEMG,2019,7,16
EHRD,LILQ,2019,7,3
EHRD,EGLC,2019,7,50
EHRD,LIRA,2019,7,1
EHRD,LDPM,2019,7,1
EHRD,LFCM,2019,7,1
EHRD,EHGG,2019,7,5
EHRD,LDRI,2019,7,3
EHRD,LEAP,2019,7,3
EHRD,LFMD,2019,7,1
EHRD,LDPL,2019,7,7
EHRD,EBMB,2019,7,1
EHRD,LICA,2019,7,5
EHRD,LDPV,2019,7,7
EHRD,LEBL,2022,11,24
EHRD,LEPA,2022,11,1
EHRD,LEMG,2022,11,37
EHRD,EBMB,2022,11,2
EHRD,LEMO,2022,11,1
EHRD,LIRF,2022,11,15
EHRD,LPPT,2022,11,11
EHRD,LPFR,2022,11,28
EHRD,EDDH,2022,11,1
EHRD,LPAR,2022,11,1
EHRD,EGLC,2022,11,58
EHRD,EHAM,2022,11,3
EHRD,LFBX,2022,11,2
EHRD,LEAL,2022,11,43
EHRD,LIME,2022,11,8
EHRD,LEIB,2022,11,1
EHRD,EGPH,2022,11,8
EHRD,EDDL,2022,11,1
EHRD,LKPR,2022,11,2
EHRD,LZIB,2022,11,1
EHRD,LEMG,2019,12,30
EHRD,LEMU,2019,12,13
EHRD,EGLC,2019,12,55
EHRD,LOIR,2019,12,7
EHRD,LPPT,2019,12,4
EHRD,LPAR,2019,12,4
EHRD,LSGG,2019,12,2
EHRD,LEAL,2019,12,6
EHRD,LOWI,2019,12,1
EHRD,LPFR,2019,12,26
EHRD,LPIN,2019,12,1
EHRD,LOWS,2019,12,13
EHRD,LFLS,2019,12,2
EHRD,LIRF,2019,12,7
EHRD,LEVC,2019,12,5
EHRD,LEBL,2019,12,12
EHRD,LPPR,2019,12,1
EHRD,LFBE,2019,12,1
EHRD,LFBX,2019,12,1
EHRD,EHWO,2019,12,2
EHRD,LELL,2019,12,7
EHRD,LOWW,2019,12,18
EHRD,EPWA,2019,12,1
EHRD,EHAM,2019,12,1
EHRD,ENGM,2019,12,1
EHRD,EDDV,2019,9,1
EHRD,LILQ,2019,9,5
EHRD,LFIB,2019,9,2
EHRD,LDSP,2019,9,2
EHRD,LOWW,2019,9,12
EHRD,LICP,2019,9,2
EHRD,LPFR,2019,9,56
EHRD,LFBE,2019,9,3
EHRD,LEGE,2019,9,6
EHRD,LEAL,2019,9,14
EHRD,LFTZ,2019,9,1
EHRD,LGIR,2019,9,16
EHRD,LGKO,2019,9,9
EHRD,EGLC,2019,9,49
EHRD,LFTH,2019,9,2
EHRD,LIAR,2019,9,1
EHRD,LEPA,2019,9,21
EHRD,EGKK,2019,9,1
EHRD,LFDF,2019,9,1
EHRD,LDRI,2019,9,1
EHRD,EGGW,2019,9,1
EHRD,EFRO,2019,9,1
EHRD,LGRP,2019,9,8
EHRD,LEMG,2019,9,28
EHRD,EBBR,2019,9,1
EHRD,LPAR,2019,9,7
EHRD,LZIB,2019,9,1
EHRD,LIRF,2019,9,16
EHRD,LDSR,2019,9,6
EHRD,EGNV,2019,9,1
EHRD,LIBR,2019,9,6
EHRD,LFCM,2019,9,2
EHRD,LIRP,2019,9,9
EHRD,EGPG,2019,9,2
EHRD,EFHK,2019,9,1
EHRD,EHAM,2019,9,5
EHRD,EDDB,2019,9,1
EHRD,LFNG,2019,9,2
EHRD,LELL,2019,9,4
EHRD,LEBL,2019,9,24
EHRD,EHGG,2019,9,9
EHRD,LFNL,2019,9,1
EHRD,LDPL,2019,9,14
EHRD,LPPT,2019,9,12
EHRD,LFTW,2019,9,3
EHRD,LFBX,2019,9,9
EHRD,LFME,2019,9,1
EHRD,LDPM,2019,9,2
EHRD,LICJ,2019,9,6
EHRD,LFNL,2021,8,2
EHRD,LEPA,2021,8,25
EHRD,LEMD,2021,8,1
EHRD,ESGG,2021,8,1
EHRD,LGKO,2021,8,16
EHRD,LDZD,2021,8,2
EHRD,LPFR,2021,8,44
EHRD,LEIB,2021,8,32
EHRD,LEAP,2021,8,9
EHRD,LEAL,2021,8,47
EHRD,LFTW,2021,8,2
EHRD,LEMG,2021,8,29
EHRD,LD57,2021,8,3
EHRD,LEBL,2021,8,30
EHRD,LDPL,2021,8,20
EHRD,LICP,2021,8,2
EHRD,LFBX,2021,8,8
EHRD,LGRP,2021,8,2
EHRD,LFTH,2021,8,2
EHRD,LFIK,2021,8,1
EHRD,LSZM,2021,8,1
EHRD,LFNO,2021,8,1
EHRD,LSZH,2021,8,1
EHRD,LFCM,2021,8,2
EHRD,LPPT,2021,8,17
EHRD,LDSR,2021,8,3
EHRD,LICJ,2021,8,3
EHRD,EHAM,2021,8,2
EHRD,EKSB,2021,8,1
EHRD,LFTF,2021,8,1
EHRD,LIBR,2021,8,7
EHRD,LFIB,2021,8,1
EHRD,LFNG,2021,8,1
EHRD,LPAR,2021,8,2
EHRD,LEGE,2021,8,2
EHRD,LDPM,2021,8,5
EHRD,LIRZ,2021,8,8
EHRD,LPPT,2019,11,4
EHRD,LKVO,2019,11,1
EHRD,LFIB,2019,11,1
EHRD,LICP,2019,11,1
EHRD,EGPG,2019,11,1
EHRD,LFBX,2019,11,1
EHRD,LIRF,2019,11,16
EHRD,LEAL,2019,11,3
EHRD,LELL,2019,11,7
EHRD,EHAM,2019,11,2
EHRD,EGLC,2019,11,70
EHRD,LYBE,2019,11,1
EHRD,LFDF,2019,11,1
EHRD,LOWW,2019,11,16
EHRD,LEBL,2019,11,14
EHRD,LPAR,2019,11,4
EHRD,LEMG,2019,11,24
EHRD,LPFR,2019,11,23
EHRD,LICJ,2019,11,5
EHRD,ENVA,2019,11,1
EHRD,LEMU,2019,11,1
EHRD,LKPR,2021,10,1
EHRD,LPCS,2021,10,1
EHRD,LSZM,2021,10,1
EHRD,LIMC,2021,10,1
EHRD,LIRZ,2021,10,8
EHRD,EGML,2021,10,1
EHRD,LIBR,2021,10,5
EHRD,LFIB,2021,10,1
EHRD,LDSR,2021,10,1
EHRD,EHAM,2021,10,4
EHRD,LFDF,2021,10,1
EHRD,EDDM,2021,10,2
EHRD,LEMG,2021,10,30
EHRD,LFIK,2021,10,1
EHRD,LICP,2021,10,2
EHRD,LD57,2021,10,1
EHRD,LEAL,2021,10,51
EHRD,LFBX,2021,10,4
EHRD,LFBE,2021,10,1
EHRD,LIRF,2021,10,14
EHRD,LPFR,2021,10,55
EHRD,LPAR,2021,10,7
EHRD,EGLC,2021,10,29
EHRD,LGRP,2021,10,1
EHRD,EHEH,2021,10,1
EHRD,LFNG,2021,10,1
EHRD,LEAP,2021,10,5
EHRD,LPPT,2021,10,13
EHRD,LFTH,2021,10,1
EHRD,LDPM,2021,10,1
EHRD,LGKO,2021,10,10
EHRD,EDDB,2021,10,2
EHRD,EBMB,2021,10,1
EHRD,LEIB,2021,10,27
EHRD,LEBL,2021,10,21
EHRD,LICJ,2021,10,5
EHRD,LELL,2021,10,1
EHRD,LEPA,2021,10,18
EHRD,LGRP,2019,5,8
EHRD,LFMS,2019,5,1
EHRD,LPAR,2019,5,2
EHRD,LEGE,2019,5,3
EHRD,EDDF,2019,5,1
EHRD,LDSB,2019,5,3
EHRD,LIRF,2019,5,17
EHRD,EHAM,2019,5,3
EHRD,LDSR,2019,5,17
EHRD,LDSP,2019,5,5
EHRD,LIRP,2019,5,15
EHRD,LEMG,2019,5,17
EHRD,LFNX,2019,5,1
EHRD,EHBK,2019,5,1
EHRD,EDDH,2019,5,1
EHRD,LGKO,2019,5,8
EHRD,EBLG,2019,5,1
EHRD,LOWW,2019,5,17
EHRD,LFTW,2019,5,1
EHRD,ENGM,2019,5,1
EHRD,LPPT,2019,5,20
EHRD,EHEH,2019,5,1
EHRD,EGLC,2019,5,86
EHRD,LGIR,2019,5,11
EHRD,EPWA,2019,5,1
EHRD,LEMU,2019,5,1
EHRD,LDPL,2019,5,3
EHRD,EDDS,2019,5,1
EHRD,LDPV,2019,5,6
EHRD,LEAP,2019,5,4
EHRD,LFNL,2019,5,1
EHRD,LILQ,2019,5,2
EHRD,LIBR,2019,5,6
EHRD,LFMQ,2019,5,1
EHRD,EFHK,2019,5,1
EHRD,LEAL,2019,5,28
EHRD,LDRI,2019,5,2
EHRD,EBBR,2019,5,2
EHRD,LFMT,2019,5,3
EHRD,LPPM,2019,5,1
EHRD,EHGG,2019,5,6
EHRD,LPFR,2019,5,55
EHRD,LICJ,2019,5,8
EHRD,EIDW,2019,5,1
EHRD,LEBL,2019,5,30
EHRD,LICA,2019,5,4
EHRD,EDAM,2019,5,1
EHRD,LZIB,2021,11,1
EHRD,LKPR,2021,11,1
EHRD,EGSH,2021,11,1
EHRD,LEAL,2021,11,39
EHRD,LPPT,2021,11,9
EHRD,EGLC,2021,11,31
EHRD,EDDB,2021,11,2
EHRD,LEMG,2021,11,25
EHRD,EBMB,2021,11,1
EHRD,LPFR,2021,11,19
EHRD,LFIB,2021,11,1
EHRD,LIRF,2021,11,16
EHRD,LDZA,2021,11,1
EHRD,EPWA,2021,11,1
EHRD,EHAM,2021,11,1
EHRD,EDDF,2021,11,1
EHRD,LEBL,2021,11,21
EHRD,LEAP,2021,9,6
EHRD,LDPM,2021,9,9
EHRD,LGKO,2021,9,9
EHRD,EHAM,2021,9,3
EHRD,LSZH,2021,9,1
EHRD,LFTH,2021,9,4
EHRD,LFTW,2021,9,2
EHRD,LPAR,2021,9,10
EHRD,LFNG,2021,9,1
EHRD,LEBL,2021,9,21
EHRD,LIRZ,2021,9,9
EHRD,LPFR,2021,9,50
EHRD,LFCM,2021,9,1
EHRD,LPPT,2021,9,8
EHRD,LEPA,2021,9,21
EHRD,LZIB,2021,9,2
EHRD,LEIB,2021,9,58
EHRD,LICJ,2021,9,5
EHRD,EGWU,2021,9,1
EHRD,LFPG,2021,9,1
EHRD,LGRP,2021,9,2
EHRD,LFBX,2021,9,6
EHRD,LEMG,2021,9,20
EHRD,EGBB,2021,9,1
EHRD,LFDF,2021,9,2
EHRD,LD57,2021,9,4
EHRD,LFNL,2021,9,1
EHRD,LEGE,2021,9,6
EHRD,LEAL,2021,9,44
EHRD,LDPL,2021,9,7
EHRD,LICP,2021,9,1
EHRD,EGLC,2021,9,13
EHRD,LOWS,2019,3,60
EHRD,LELL,2019,3,3
EHRD,LPPT,2019,3,11
EHRD,LEMG,2019,3,13
EHRD,EBLG,2019,3,1
EHRD,LIMA,2019,3,1
EHRD,LPFR,2019,3,34
EHRD,LEBL,2019,3,14
EHRD,LPAR,2019,3,2
EHRD,EHAM,2019,3,5
EHRD,EGGW,2019,3,2
EHRD,EBBR,2019,3,1
EHRD,LOIR,2019,3,18
EHRD,LEMU,2019,3,1
EHRD,LIBR,2019,3,7
EHRD,LFLS,2019,3,4
EHRD,LFIB,2019,3,1
EHRD,EBMB,2019,3,4
EHRD,LIRF,2019,3,12
EHRD,LFLB,2019,3,5
EHRD,LSZH,2019,3,1
EHRD,LOWW,2019,3,17
EHRD,LOWI,2019,3,12
EHRD,LSGG,2019,3,17
EHRD,LFLL,2019,3,1
EHRD,LEAL,2019,3,29
EHRD,EGLC,2019,3,37
EHRD,LZIB,2019,3,1
EHRD,LFNL,2020,8,1
EHRD,LIRZ,2020,8,9
EHRD,LDRI,2020,8,2
EHRD,LDPL,2020,8,11
EHRD,LFBX,2020,8,1
EHRD,LGKO,2020,8,8
EHRD,LICJ,2020,8,2
EHRD,LFMQ,2020,8,3
EHRD,LDZD,2020,8,1
EHRD,LPPT,2020,8,5
EHRD,LEAP,2020,8,15
EHRD,LFTH,2020,8,3
EHRD,LEGE,2020,8,13
EHRD,LIBR,2020,8,5
EHRD,LEAL,2020,8,46
EHRD,EHAM,2020,8,1
EHRD,LEMG,2020,8,39
EHRD,LICP,2020,8,2
EHRD,LEIB,2020,8,32
EHRD,LFIK,2020,8,1
EHRD,LPFR,2020,8,51
EHRD,LD57,2020,8,5
EHRD,LDPM,2020,8,9
EHRD,LPAR,2020,8,2
EHRD,EDDM,2020,8,1
EHRD,LFCM,2020,8,5
EHRD,LFDF,2020,8,1
EHRD,LFIB,2020,8,5
EHRD,LDSR,2020,8,5
EHRD,LEPA,2020,8,23
EHRD,LFMT,2020,8,3
EHRD,LDLO,2020,8,1
EHRD,LSGG,2022,2,4
EHRD,EDTB,2022,2,1
EHRD,EDDM,2022,2,1
EHRD,LPFR,2022,2,17
EHRD,LEMG,2022,2,14
EHRD,EHEH,2022,2,1
EHRD,LOWS,2022,2,37
EHRD,LPAR,2022,2,1
EHRD,LOWI,2022,2,36
EHRD,LFHN,2022,2,1
EHRD,LIRF,2022,2,3
EHRD,LPPT,2022,2,7
EHRD,EHAM,2022,2,2
EHRD,EBMB,2022,2,2
EHRD,LEBL,2022,2,12
EHRD,LFLS,2022,2,3
EHRD,LEAL,2022,2,34
EHRD,LFLS,2019,1,4
EHRD,EDNY,2019,1,1
EHRD,LEMD,2019,1,2
EHRD,LKPR,2019,1,2
EHRD,EGKB,2019,1,2
EHRD,LIPZ,2019,1,5
EHRD,LSZH,2019,1,1
EHRD,LOWW,2019,1,2
EHRD,LOWI,2019,1,25
EHRD,EGHB,2019,1,1
EHRD,LEMG,2019,1,18
EHRD,EHEH,2019,1,3
EHRD,LPFR,2019,1,24
EHRD,LOWS,2019,1,32
EHRD,EBMB,2019,1,2
EHRD,LFBE,2019,1,1
EHRD,LFLB,2019,1,2
EHRD,LEAL,2019,1,25
EHRD,EGLC,2019,1,46
EHRD,LOKR,2019,1,3
EHRD,LELL,2019,1,3
EHRD,EHND,2019,1,1
EHRD,LIRF,2019,1,5
EHRD,LOIR,2019,1,15
EHRD,EBBR,2019,1,1
EHRD,LOKM,2019,1,1
EHRD,LSGG,2019,1,6
EHRD,LEBL,2019,1,2
EHRD,LPPT,2019,1,4
EHRD,LFBX,2019,1,2
EHRD,LZIB,2019,1,1
EHRD,LDSR,2020,7,9
EHRD,LEGE,2020,7,12
EHRD,LDDU,2020,7,2
EHRD,LEAP,2020,7,11
EHRD,EHEH,2020,7,1
EHRD,LGKO,2020,7,1
EHRD,LFBX,2020,7,1
EHRD,LIRA,2020,7,1
EHRD,LEAL,2020,7,37
EHRD,LZIB,2020,7,1
EHRD,LEMG,2020,7,29
EHRD,LFIB,2020,7,12
EHRD,LDPV,2020,7,1
EHRD,LIRZ,2020,7,8
EHRD,LDPM,2020,7,5
EHRD,LICJ,2020,7,3
EHRD,LDSP,2020,7,3
EHRD,LEPA,2020,7,19
EHRD,EHAM,2020,7,2
EHRD,LICP,2020,7,2
EHRD,LDZD,2020,7,1
EHRD,LD57,2020,7,3
EHRD,LDRI,2020,7,1
EHRD,LDPL,2020,7,14
EHRD,LPFR,2020,7,50
EHRD,LEIB,2020,7,30
EHRD,LPAR,2020,7,2
EHRD,LIBR,2020,7,6
EHRD,LGIR,2020,7,13
EHRD,EBLG,2020,7,1
EHRD,LPPT,2020,7,11
EHRD,LEIB,2021,5,2
EHRD,LEMG,2021,5,17
EHRD,LPFR,2021,5,10
EHRD,LEAL,2021,5,15
EHRD,LIRZ,2021,5,9
EHRD,LKPR,2022,8,1
EHRD,LDPL,2022,8,11
EHRD,LEMG,2022,8,37
EHRD,LIME,2022,8,12
EHRD,EGLC,2022,8,59
EHRD,LMML,2022,8,1
EHRD,LDPM,2022,8,10
EHRD,LPFR,2022,8,49
EHRD,EGPH,2022,8,13
EHRD,LIAF,2022,8,1
EHRD,LEAM,2022,8,3
EHRD,LFKB,2022,8,1
EHRD,LEIB,2022,8,31
EHRD,EBBR,2022,8,1
EHRD,LIBR,2022,8,5
EHRD,LPPT,2022,8,21
EHRD,LGRP,2022,8,9
EHRD,LIRZ,2022,8,8
EHRD,EGMT,2022,8,1
EHRD,ETSI,2022,8,1
EHRD,LFNL,2022,8,4
EHRD,LGKO,2022,8,18
EHRD,LEGE,2022,8,2
EHRD,LFTH,2022,8,4
EHRD,LPAR,2022,8,1
EHRD,LFNG,2022,8,5
EHRD,LEMD,2022,8,1
EHRD,EKCH,2022,8,1
EHRD,LEPA,2022,8,32
EHRD,LFTZ,2022,8,1
EHRD,LFCM,2022,8,2
EHRD,LEAL,2022,8,43
EHRD,LICP,2022,8,2
EHRD,LDDU,2022,8,10
EHRD,LFMT,2022,8,2
EHRD,LEBL,2022,8,31
EHRD,EHEH,2022,8,2
EHRD,LICJ,2022,8,5
EHRD,LIRF,2022,8,1
EHRD,EDDB,2022,8,1
EHRD,LRCK,2021,3,1
EHRD,LIRZ,2021,4,2
EHRD,LPFR,2021,4,3
EHRD,LEAL,2021,4,2
EHRD,LEMG,2021,4,4
EHRD,EHAM,2021,4,1
EHRD,EDDM,2020,1,1
EHRD,LIRF,2020,1,5
EHRD,EHEH,2020,1,5
EHRD,LPAR,2020,1,4
EHRD,LEMP,2020,1,2
EHRD,LIML,2020,1,1
EHRD,EGLC,2020,1,79
EHRD,LSZH,2020,1,1
EHRD,LSGG,2020,1,4
EHRD,LFIB,2020,1,2
EHRD,LEAL,2020,1,17
EHRD,LEBL,2020,1,4
EHRD,LPFR,2020,1,23
EHRD,LOWW,2020,1,4
EHRD,LOWI,2020,1,9
EHRD,LEVC,2020,1,3
EHRD,LOWK,2020,1,6
EHRD,LEMG,2020,1,32
EHRD,LFLL,2020,1,1
EHRD,LFBO,2020,1,1
EHRD,LPPT,2020,1,5
EHRD,LELL,2020,1,7
EHRD,LOIR,2020,1,21
EHRD,EKYT,2020,1,1
EHRD,LFLS,2020,1,4
EHRD,LEMU,2020,1,3
EHRD,LOWS,2020,1,44
EHRD,EGCC,2020,1,2
EHRD,EHAM,2020,1,3
EHRD,LFLB,2020,1,1
EHRD,LPFR,2020,11,12
EHRD,LKPR,2020,11,2
EHRD,LEMG,2020,11,4
EHRD,LEAL,2020,11,4
EHRD,EHAM,2020,11,2
EHRD,EHAM,2021,2,1
EHRD,LFHN,2022,3,2
EHRD,LPAR,2022,3,1
EHRD,LPPT,2022,3,8
EHRD,EGLC,2022,3,10
EHRD,LIRF,2022,3,9
EHRD,LFLS,2022,3,4
EHRD,EHAM,2022,3,3
EHRD,LSGG,2022,3,4
EHRD,LPFR,2022,3,25
EHRD,LFIB,2022,3,1
EHRD,LEAL,2022,3,47
EHRD,LEBL,2022,3,17
EHRD,EGPH,2022,3,2
EHRD,LOWI,2022,3,53
EHRD,LEMG,2022,3,15
EHRD,EBMB,2022,3,2
EHRD,LYBE,2022,3,1
EHRD,LE84,2022,3,3
EHRD,LFBX,2022,3,1
EHRD,ENGM,2022,3,1
EHRD,EHEH,2022,3,2
EHRD,LOWS,2022,3,54
EHRD,EGKB,2022,3,1
EHRD,LIME,2022,3,1
EHRD,LFDF,2020,2,1
EHRD,LOWI,2020,2,13
EHRD,LOWS,2020,2,54
EHRD,EHAM,2020,2,1
EHRD,LFIB,2020,2,3
EHRD,LPPT,2020,2,8
EHRD,LEMU,2020,2,14
EHRD,LFLB,2020,2,3
EHRD,EGML,2020,2,1
EHRD,EHEH,2020,2,1
EHRD,LFJD,2020,2,1
EHRD,EDDN,2020,2,1
EHRD,EDDP,2020,2,1
EHRD,EGLC,2020,2,63
EHRD,LEBL,2020,2,12
EHRD,LOWW,2020,2,9
EHRD,LPFR,2020,2,23
EHRD,LELL,2020,2,1
EHRD,LIRF,2020,2,5
EHRD,LSGG,2020,2,6
EHRD,EDDT,2020,2,4
EHRD,LFLS,2020,2,5
EHRD,LEIB,2020,2,1
EHRD,LOIR,2020,2,8
EHRD,LOWK,2020,2,1
EHRD,LFLL,2020,2,1
EHRD,LEVC,2020,2,5
EHRD,LEAL,2020,2,16
EHRD,LFBX,2020,2,1
EHRD,LKPR,2020,2,1
EHRD,EGPH,2020,2,1
EHRD,LEMG,2020,2,27
EHRD,LDZA,2020,2,1
EHRD,LEAL,2022,1,35
EHRD,LFLS,2022,1,5
EHRD,LOWI,2022,1,36
EHRD,LEMG,2022,1,34
EHRD,EHAM,2022,1,1
EHRD,LFBX,2022,1,1
EHRD,LPFR,2022,1,18
EHRD,LSGG,2022,1,5
EHRD,LPPT,2022,1,5
EHRD,EPKK,2022,1,1
EHRD,EHEH,2022,1,1
EHRD,LOWS,2022,1,34
EHRD,LFBE,2022,1,1
EHRD,LIRF,2022,1,4
EHRD,LEBL,2022,1,13
EHRD,LEMG,2019,2,11
EHRD,EDDN,2019,2,1
EHRD,LOWW,2019,2,7
EHRD,LOIR,2019,2,23
EHRD,LIRF,2019,2,5
EHRD,EBBR,2019,2,1
EHRD,LOWS,2019,2,48
EHRD,LOKR,2019,2,1
EHRD,LFDF,2019,2,2
EHRD,LEBL,2019,2,4
EHRD,LFBD,2019,2,1
EHRD,EGLC,2019,2,59
EHRD,LEMU,2019,2,2
EHRD,LOKM,2019,2,1
EHRD,LSGG,2019,2,10
EHRD,LPPT,2019,2,6
EHRD,ENGM,2019,2,1
EHRD,LIBR,2019,2,2
EHRD,LPFR,2019,2,23
EHRD,LELL,2019,2,7
EHRD,EDDT,2019,2,5
EHRD,EHAM,2019,2,1
EHRD,LFGC,2019,2,1
EHRD,LEAL,2019,2,22
EHRD,EBMB,2019,2,3
EHRD,LOWI,2019,2,19
EHRD,EDDM,2019,2,1
EHRD,LFLS,2019,2,4
EHRD,LPAR,2019,2,2
EHRD,LFLB,2019,2,2
EHRD,LZIB,2020,12,1
EHRD,LEMG,2020,12,1
EHRD,LKPR,2020,12,1
EHRD,LDZA,2020,12,1
EHRD,LZIB,2021,1,1
EHRD,LKPR,2021,1,2
EHRD,LSZM,2021,1,1
